"StoreNo"|"StoreNickname"|"StreetAddress"|"City"|"StateCode"|"PostalCode"|"CountryName"|"Longitude"|"Latitude"|"PhoneNumber"|"RestaurantEmail"|"SunOpen"|"SunClose"|"MonOpen"|"MonClose"|"TueOpen"|"TueClose"|"WedOpen"|"WedClose"|"ThuOpen"|"ThuClose"|"FriOpen"|"FriClose"|"SatOpen"|"SatClose"|"QSCExceptions"|"Master"|"EntityName"
"518"|""|"CIRCUITO CENTRO COMERCIAL NO 23, ZONA COMERCIAL CENTRO SATELITE"|"NAUCALPAN DE JUAREZ"|"XX"|"53100"|"Mexico"|"-99.23097"|"19.51404"|"011 52 55 5393 8744"|""|""|""|""|""|""|""|""|""|""|""|""|""|""|""|""|""|""
"529"|""|"INSURGENTES SUR 2110 COLONIA CHIMALISTAC DELEGACION"|"ALVARO OBREGON"|"XX"|"1070"|"Mexico"|"-99.18787"|"19.34576"|"011 52 55 2978 0253"|""|""|""|""|""|""|""|""|""|""|""|""|""|""|""|""|""|""
"548"|""|"DIVISION DEL NORTE CALZADA DEL LAS BOMBAS 60"|"COYOACAN"|"XX"|"4899"|"Mexico"|"-99.13314"|"19.30899"|"011 52 55 5678 4715"|""|""|""|""|""|""|""|""|""|""|""|""|""|""|""|""|""|""
"553"|""|"LIVERPOOL 149 COLONIA JUAREZ"|"CUAUHTEMOC"|"XX"|"6600"|"Mexico"|"-99.16467"|"19.42413"|"011 52 55 5207 1795"|""|""|""|""|""|""|""|""|""|""|""|""|""|""|""|""|""|""
"566"|""|"MANUEL AVILA CAMACHO NO. 3130"|"TLALNEPANTLA"|"XX"|"54020"|"Mexico"|"-99.20663"|"19.43019"|"55-53059473"|""|""|""|""|""|""|""|""|""|""|""|""|""|""|""|""|""|""
"579"|""|"RIO BAMBA #640 COLONIA LINDA VISTA"|"GUSTAVO A. MADERO"|"XX"|"7300"|"Mexico"|"-99.13033"|"19.48705"|"011 52 55 5752 5296"|""|""|""|""|""|""|""|""|""|""|""|""|""|""|""|""|""|""
"586"|""|"AGUAYO 12 COLONIA EL CARMEN"|"COYOACAN"|"XX"|"4100"|"Mexico"|"-99.16276"|"19.35073"|"011 52 55 5656 5754"|""|""|""|""|""|""|""|""|""|""|""|""|""|""|""|""|""|""
"638"|""|"AV. EL ROSARIO 1025 COL. TIERRA NUEVA"|"AZCAPOTZALCO"|"XX"|"2120"|"Mexico"|"-99.20277"|"19.50334"|"011 52 55 5373-2986"|""|""|""|""|""|""|""|""|""|""|""|""|""|""|""|""|""|""
"664"|""|"LADERA 16 ESQUINA PERIFERICO SUR COL JARDINES DEL PEDREGAL"|"COYOACAN"|"XX"|"1900"|"Mexico"|"-99.20245"|"19.30548"|"011-52-55-5652-5685"|""|""|""|""|""|""|""|""|""|""|""|""|""|""|""|""|""|""
"685"|""|"BLVD. RIO CHURUBUSCO 1072 COL. NUEVA ROSITA"|"IZTACALCO"|"XX"|"9420"|"Mexico"|"-99.10190"|"19.37972"|"011-52-55-56499929"|""|""|""|""|""|""|""|""|""|""|""|""|""|""|""|""|""|""
"693"|""|"GALERIA NORTE MALL BLVD LUIS DONALDO COLOSIO 2693"|"NOGALES"|"XX"|"84063"|"Mexico"|"-110.94532"|"31.29259"|"011-52-631 3145928"|""|""|""|""|""|""|""|""|""|""|""|""|""|""|""|""|""|""
"695"|""|"57 CONSTITUYENTE COL. CIMATARIO"|"QUERETARO"|"XX"|"76030"|"Mexico"|"-100.39319"|"20.58410"|"011-52-44-2212-0550"|""|""|""|""|""|""|""|""|""|""|""|""|""|""|""|""|""|""
"701"|""|"CAFETALES 1723 COLONIA HACIENDAS DE COYOACAN"|"COYOACAN"|"XX"|"4970"|"Mexico"|"-99.11280"|"19.30143"|"011-52-55-5594-5682"|""|""|""|""|""|""|""|""|""|""|""|""|""|""|""|""|""|""
"722"|""|"PERIFERICO DE LA JUVENTUD #3203 FCO PUERTA DE HIERRO CENTRO COMERCIAL FASHION MALL PLANTA BAJA"|"CHIHUAHUA"|"XX"|"31207"|"Mexico"|"-106.11398"|"28.62182"|"614-430-3633"|""|""|""|""|""|""|""|""|""|""|""|""|""|""|""|""|""|""
"739"|""|"Blvrd Antonio Ortiz Mena #1810, Los Sicomoros, Campestre-Lomas"|"CHIHUAHUA"|"XX"|"31205"|"Mexico"|"-106.09933"|"28.64096"|"614-413-2886"|""|""|""|""|""|""|""|""|""|""|""|""|""|""|""|""|""|""
"741"|""|"311 NEW UPPER CHANGI ROAD #B1-53 BEDOK MALL"|"SINGAPORE"|"XX"|"467360"|"Singapore"|"103.92983"|"1.32458"|"65 6844 9230"|""|""|""|""|""|""|""|""|""|""|""|""|""|""|""|""|""|""
"789"|""|"AV. DE LAS GRANJAS 972 LC-5 COL. TECHNOPARQUE"|"AZCAPOTZALCO"|"XX"|"2230"|"Mexico"|"-99.17749"|"19.50211"|"52-55-2626-1602"|""|""|""|""|""|""|""|""|""|""|""|""|""|""|""|""|""|""
"792"|""|"RENATO LEDUC 224 INT 201 TORILLO GUERRA"|"TLALPAN"|"XX"|"14050"|"Mexico"|"-99.15926"|"19.29635"|"55-54-24-1185"|""|""|""|""|""|""|""|""|""|""|""|""|""|""|""|""|""|""
"793"|""|"KOTA KASABLANKA MALL LOWER GROUND NO. 21, JALAN CASABLANCA RAYA KAV.88"|"JAKARTA SELATAN"|"XX"|"12870"|"Indonesia"|"106.84323"|"-6.22306"|"62 21 2962 6190"|""|""|""|""|""|""|""|""|""|""|""|""|""|""|""|""|""|""
"794"|""|"MARGO CITY, 3RD FLOOR, JALAN MARGONDA RAYA NO. 358 (FL 1-7)"|"DEPOK"|"XX"|"16423"|"Indonesia"|"106.83508"|"-6.37215"|"62 21 290 49277"|""|""|""|""|""|""|""|""|""|""|""|""|""|""|""|""|""|""
"795"|""|"JALAN HR RASUNA SAID KAV. 62 (GF BLOK 102-103)"|"JAKARTA SELATAN"|"XX"|"12920"|"Indonesia"|"106.83005"|"-6.21535"|"+62 21 252 0645"|""|""|""|""|""|""|""|""|""|""|""|""|""|""|""|""|""|""
"796"|""|"BINTARO XCHANGE MALL 1ST FLOOR NO. 427A, CBD BINTARO JAYA BLOK O-2 BINTARO JAYA SEKTOR VII"|"TANGERANG"|"XX"|"15227"|"Indonesia"|"106.72816"|"-6.28460"|"+622129864984"|""|""|""|""|""|""|""|""|""|""|""|""|""|""|""|""|""|""
"797"|""|"CIBINONG CITY MALL, UPPER GROUND FLOOR, UNIT UGF B12A, JL. TEGAR BERIMAN NO. 1, PEKANSARI, CIBINONG"|"BOGOR"|"XX"|""|"Indonesia"|"106.84254"|"-6.48398"|"+622129403903"|""|""|""|""|""|""|""|""|""|""|""|""|""|""|""|""|""|""
"820"|""|"PLAZA ZENTRALIA AV. CORREGIDORA 26, COLONIA AEROPUERTO"|"CAMPECHE"|"XX"|"24410"|"Mexico"|"-91.80706"|"18.65268"|"938-688-5077"|""|""|""|""|""|""|""|""|""|""|""|""|""|""|""|""|""|""
"854"|""|"AV. PASEO TRIUNFO DE LA REPUBLICA 4450 COL. COLEGIO, RIO GRANDE MALL"|"CD JUAREZ"|"XX"|"32310"|"Mexico"|"-106.44844"|"31.73552"|"656-625-7100"|""|""|""|""|""|""|""|""|""|""|""|""|""|""|""|""|""|""
"880"|""|"180 KITCHENER ROAD, B1-33/34/K15, CITY SQUARE MALL"|"SINGAPORE"|"XX"|"208539"|"Singapore"|"103.85656"|"1.31135"|"65 6509 6571"|""|""|""|""|""|""|""|""|""|""|""|""|""|""|""|""|""|""
"893"|""|"CARRANZA 1905, COL GARDEN"|"SAN LUIS POTOSI"|"XX"|"78379"|"Mexico"|"-101.00390"|"22.14892"|"444-175-2201"|""|""|""|""|""|""|""|""|""|""|""|""|""|""|""|""|""|""
"1002"|""|"OBRERO MUNDIAL 457 COL NARVARTE"|"BENITO JUAREZ"|"XX"|"3020"|"Mexico"|"-99.15434"|"19.40174"|"67248062"|""|""|""|""|""|""|""|""|""|""|""|""|""|""|""|""|""|""
"1007"|""|"AV. LEONA VICARIO 501, COL. COAZUSTENCO"|"METEPEC"|"XX"|"52140"|"Mexico"|"-99.61286"|"19.26081"|"72-22-32-1492"|""|""|""|""|""|""|""|""|""|""|""|""|""|""|""|""|""|""
"1008"|""|"JI. KEMANG RAYA NO. 79"|"SOUTH JAKARTA"|"XX"|"12730"|"Indonesia"|"106.81556"|"-6.26864"|"+622171794900"|""|""|""|""|""|""|""|""|""|""|""|""|""|""|""|""|""|""
"1015"|""|"BLVD. MORELOS #240 ENTRE EDUARTO W VILLA Y CALLE ANGEL GARCIA ABURTO, FRACC. BUGAMBILIAS, LOCAL COME"|"HERMOSILLO"|"XX"|"83140"|"Mexico"|"-110.95178"|"29.11302"|"662-211-2425"|""|""|""|""|""|""|""|""|""|""|""|""|""|""|""|""|""|""
"1021"|""|"SHOP NO. 16, JUMIERAH CENTRE, PLOT NO: 332-393, JUMEIRAH BEACH ROAD"|"DUBAI"|"XX"|"114444"|"United Arab Emirates"|"55.26275"|"25.23067"|"97143442008"|""|""|""|""|""|""|""|""|""|""|""|""|""|""|""|""|""|""
"1029"|""|"EL CENTRO COMERCIAL LOMAS PLAZA, BOULEVARD MANUEL AVILA COMACHO, #50 & 66, COLONIA LOMAS DE CHAPULTE"|"MIGUEL HIDALGO"|"XX"|"11000"|"Mexico"|"-99.20670"|"19.43028"|"55 2022 798"|""|""|""|""|""|""|""|""|""|""|""|""|""|""|""|""|""|""
"1030"|""|"MATIAS ROMERO 232, COLONIA DEL VALLE CENTRO"|"BENITO JUAREZ"|"XX"|"3100"|"Mexico"|"-99.16593"|"19.38054"|"55-53-350-312"|""|""|""|""|""|""|""|""|""|""|""|""|""|""|""|""|""|""
"1052"|""|"AEON MALL BSD. 3RD FLOOR LOT 3-47, JALAND BSD RAYA UTAMA"|"TANGERANG"|"XX"|"15345"|"Indonesia"|"106.64398"|"-6.30489"|"62 21 29168316"|""|""|""|""|""|""|""|""|""|""|""|""|""|""|""|""|""|""
"1088"|""|"AV JUAREZ 38 PRIMER NIVEL LOCAL B"|"CUAUHTEMOC"|"XX"|"6050"|"Mexico"|"-99.14342"|"19.43424"|"55124598"|""|""|""|""|""|""|""|""|""|""|""|""|""|""|""|""|""|""
"1105"|""|"SOUTH QUARTER BUILDING JALAN RA KARTINI KAV. 8, CILANDAK"|"JAKARTA SELATAN"|"XX"|"12430"|"Indonesia"|"106.78576"|"-6.29653"|"+62 212-276-5013"|""|""|""|""|""|""|""|""|""|""|""|""|""|""|""|""|""|""
"1106"|""|"AVE. TECNOLOGICO #120 COLONIA OJOCALIENTE"|"AGUASCALIENTES"|"XX"|"20196"|"Mexico"|"-102.26172"|"21.88047"|"44 9300 8898"|""|""|""|""|""|""|""|""|""|""|""|""|""|""|""|""|""|""
"1107"|""|"AV.INSURGENTES SUR 1337, COL. INSURGENTES MIXCOAC"|"BENITO JUAREZ"|"XX"|"3920"|"Mexico"|"-99.17948"|"19.37291"|"53931232"|""|""|""|""|""|""|""|""|""|""|""|""|""|""|""|""|""|""
"1116"|""|"JALAN KH. MAS MANSYUR KAV. 121"|"JAKARTA"|"XX"|"10220"|"Indonesia"|"106.81836"|"-6.20870"|"622129704092"|""|""|""|""|""|""|""|""|""|""|""|""|""|""|""|""|""|""
"1120"|""|"ENCOMENDEROS # 2 LOCAL 1 PLANTA BAJA ZONA RESIDENCIAL PASEOS DE CHURUBUSCO"|"IZTAPALAPA"|"XX"|""|"Mexico"|"-99.08348"|"19.38188"|"52156000410"|""|""|""|""|""|""|""|""|""|""|""|""|""|""|""|""|""|""
"1127"|""|"EUGENINO GARZA SADA 3828 LOCAL 17; COLONIA MAS PALOMAS"|"MONTERREY"|"XX"|"64780"|"Mexico"|"-100.28235"|"25.63435"|"812-167-2888"|""|""|""|""|""|""|""|""|""|""|""|""|""|""|""|""|""|""
"1148"|""|"AV. PEDRO ENRIQUE URENA 546 COL. LOS REYES COYOACAN"|"COYOACAN"|"XX"|"4330"|"Mexico"|"-99.15797"|"19.33567"|"91553000"|""|""|""|""|""|""|""|""|""|""|""|""|""|""|""|""|""|""
"1149"|""|"AVE. CENTRAL 289 MANZANA 7 LOTE 30 COLONIA BOSQUES DE ARAGON DELEGACION NEZAHUALCOYTL"|"NEZAHUALCOYOTL"|"XX"|""|"Mexico"|"-99.05489"|"19.47116"|"557-574-5720"|""|""|""|""|""|""|""|""|""|""|""|""|""|""|""|""|""|""
"1191"|""|"AVE CENTRAL ESQ PRIMERO DE MAYO, MANZANA 4, LOTE 1 Y 2, LOCAL R4 COL. FRACCIONAMIENTO LAS AMERICAS"|"ECATEPEC"|"XX"|"55075"|"Mexico"|"-99.02403"|"19.58373"|"5524864908"|""|""|""|""|""|""|""|""|""|""|""|""|""|""|""|""|""|""
"1202"|""|"UBICACION BLVD LAS QUINTAS NO. 50 LOCAL 5 Y 6 COL. QUINTAS SAN ISIDRO"|"TORREON"|"XX"|""|"Mexico"|"-103.41501"|"25.57392"|"8667313415"|""|""|""|""|""|""|""|""|""|""|""|""|""|""|""|""|""|""
"1238"|""|"JALAN MAYJEND YONO SOEQOYO, COMMERCIAL AREA GRAHA FAMILY INTILAND"|"SURABAYA"|"XX"|"60256"|"Indonesia"|"112.67596"|"-7.29535"|"623199423465"|""|""|""|""|""|""|""|""|""|""|""|""|""|""|""|""|""|""
"1239"|""|"ALZATE NO. 2 ESQ. AV. INSURGENTESCOL SANTA MARIA LA RIVERA DEL. CUAUHTEMOC, PLAZA BUENAVISTA EL NUME"|"CUAUHTEMOC"|"XX"|"6400"|"Mexico"|"-99.15204"|"19.44810"|"55-26-30-0465"|""|""|""|""|""|""|""|""|""|""|""|""|""|""|""|""|""|""
"1241"|""|"LV81, IMG THEME PARK, IMG WORLDS OF ADVENTURE, SHEIKH MOHAMMED BIN ZAYED ROAD"|"CITY OF ARABIA"|"XX"|""|"United Arab Emirates"|"55.31810"|"25.08210"|"+97144038914"|""|""|""|""|""|""|""|""|""|""|""|""|""|""|""|""|""|""
"1267"|""|"1 HARBOURFRONT WALK #02-143 VIVOCITY"|"VIVO CITY"|"XX"|"098585"|"Singapore"|"103.82223"|"1.26409"|"65 6265-3690"|""|""|""|""|""|""|""|""|""|""|""|""|""|""|""|""|""|""
"1272"|""|"INSURGENTES SUR NO. 4087, COL TLALPAN CENTRO, DEL. TLALPAN"|"TLALPAN"|"XX"|"14000"|"Mexico"|"-99.17593"|"19.28495"|"5087-4024 / 5087-401"|""|""|""|""|""|""|""|""|""|""|""|""|""|""|""|""|""|""
"1280"|""|"JALAN RAYA PAJAJARAN NO.3 BOGOR TIMUR"|"BOGOR"|"XX"|"16143"|"Indonesia"|"106.80811"|"-6.60519"|"+622518325007"|""|""|""|""|""|""|""|""|""|""|""|""|""|""|""|""|""|""
"1289"|""|"LIPPO MALL PURI UNIT L1, JALAN PURI INDAH RAYA CBD UNIT 09D"|"JAKARTA BARAT"|"XX"|"11610"|"Indonesia"|"106.73907"|"-6.18776"|"622130493009"|""|""|""|""|""|""|""|""|""|""|""|""|""|""|""|""|""|""
"1290"|""|"PERIFARICO CARLOS PELLICER CAMARA NO. 123 COL. 1ERO DE MAYO CP."|"VILLAHERMOSA"|"XX"|"86190"|"Mexico"|"-92.94004"|"17.96601"|"9932535069"|""|""|""|""|""|""|""|""|""|""|""|""|""|""|""|""|""|""
"1291"|""|"CAMARONES 530, COL EL RECREO, AZCAPOTZALCO"|"AZCAPOTZALCO"|"XX"|"2070"|"Mexico"|"-99.18033"|"19.47219"|"22438382"|""|""|""|""|""|""|""|""|""|""|""|""|""|""|""|""|""|""
"1292"|""|"PABLO LIVAS # 2500, COLONIA VILLAS GUADALUPE N.L.CP"|"MONTERREY"|"XX"|"67170"|"Mexico"|"-100.23493"|"25.66883"|"81-227-06659"|""|""|""|""|""|""|""|""|""|""|""|""|""|""|""|""|""|""
"1293"|""|"LOCALES 8, 9, Y 10 UBICADOES EN ANTONIO MACEO NUMBERO 38, COLONIA TACUBAYA"|"CUAUHTEMOC"|"XX"|"11870"|"Mexico"|"-99.18474"|"19.40485"|"55-5035-8746"|""|""|""|""|""|""|""|""|""|""|""|""|""|""|""|""|""|""
"1302"|""|"AV. BE ITO JUAREZ SUN ANCLA 2005 01, COL. ESTRELLA DEL ORIENTE"|"SAN LUIS POTOSI"|"XX"|"78396"|"Mexico"|"-100.92671"|"22.13176"|"444-830-3310"|""|""|""|""|""|""|""|""|""|""|""|""|""|""|""|""|""|""
"1307"|""|"AV. DE LAS INDUSTRIA, COMPLEJO INDUSTRIAL CHIHUAHUA"|"CHIHUAHUA"|"XX"|"31136"|"Mexico"|"-106.11163"|"28.72265"|"6146888500"|""|""|""|""|""|""|""|""|""|""|""|""|""|""|""|""|""|""
"1308"|""|"BLVD. BELISARIO DOMINGUEZ 1380, JARDINES DE TUXTLA"|"TUXTLA GUTIERREZ"|"XX"|"29020"|"Mexico"|"-93.14359"|"16.75530"|"961-688-59-86"|""|""|""|""|""|""|""|""|""|""|""|""|""|""|""|""|""|""
"1309"|""|"CALLE VALLADOLID NO. 91, COL. ROMA, DELEGACION CUAUHTEMOC"|"MIGUEL HIDALGO"|"XX"|"6700"|"Mexico"|"-99.16788"|"19.41783"|"55-52074016"|""|""|""|""|""|""|""|""|""|""|""|""|""|""|""|""|""|""
"1310"|""|"MIGUEL DE CERVANTES SAAVERDA NO. 397, COL. IRRIGACION"|"MIGUEL HIDALGO"|"XX"|"11500"|"Mexico"|"-99.20738"|"19.44103"|"5550872260"|""|""|""|""|""|""|""|""|""|""|""|""|""|""|""|""|""|""
"1319"|""|"CORREDOR COMERCIAL CAMINO REAL N 405, ZONA PLATEADA"|"PACHUCA"|"XX"|"42083"|"Mexico"|"-99.77717"|"20.09674"|"771 133 06 50"|""|""|""|""|""|""|""|""|""|""|""|""|""|""|""|""|""|""
"1324"|""|"GRAN RUBINA BUSINESS PARK GENERALI TOWER 1ST FLOOR UNIT J&K, JALAN EPICENTRUM TENGAH NO. 3, KARET KU"|"JAKARTA SELATAN"|"XX"|"12940"|"Indonesia"|"106.83363"|"-6.21955"|"+622129023433"|""|""|""|""|""|""|""|""|""|""|""|""|""|""|""|""|""|""
"1328"|""|"UNIT NO BB11-R1-G01, BAY SQUARE"|"BUSINESS BAY"|"XX"|""|"United Arab Emirates"|"55.28131"|"25.18578"|"+97143300710"|""|""|""|""|""|""|""|""|""|""|""|""|""|""|""|""|""|""
"1335"|""|"2 JURONG EAST CENTRAL 1 #01-18 JCUBE"|"SINGAPORE"|"XX"|"609731"|"Singapore"|"103.74024"|"1.33324"|"65 69049369"|""|""|""|""|""|""|""|""|""|""|""|""|""|""|""|""|""|""
"1344"|""|"MARIANO ESCOBEDO NO. 419, COL. CHAPULTEPEC MORALES"|"MIGUEL HIDALGO"|"XX"|"11570"|"Mexico"|"-99.18180"|"19.43258"|"7679-8080"|""|""|""|""|""|""|""|""|""|""|""|""|""|""|""|""|""|""
"1349"|""|"PEDRO CARDENAS 100 COL. FRACC. VICTORIA"|"MATAMOROS"|"XX"|"87390"|"Mexico"|"-97.50750"|"25.84547"|"1868-817-1835"|""|""|""|""|""|""|""|""|""|""|""|""|""|""|""|""|""|""
"1361"|""|"INSURGENTES SUR 587 COL. NAPOLES"|"BENITO JUAREZ"|"XX"|"3810"|"Mexico"|"-99.17133"|"19.39799"|"9131-3955"|""|""|""|""|""|""|""|""|""|""|""|""|""|""|""|""|""|""
"1383"|""|"CARRETERA TUXTLA CHIAPA DE CORZO 651 COL. EL RETIRO"|"TUXTLA GUTIERREZ"|"XX"|""|"Mexico"|"-93.07520"|"16.74605"|"9616882243"|""|""|""|""|""|""|""|""|""|""|""|""|""|""|""|""|""|""
"1384"|""|"Shop No. 15, DIP Shopping Centre
Dubai Investment Park First, Dubai"|"DUBAI"|"XX"|"114444"|"United Arab Emirates"|"55.17566"|"24.99823"|"97143964891"|""|""|""|""|""|""|""|""|""|""|""|""|""|""|""|""|""|""
"1395"|""|"AEON MALL JAKARTA GARDEN CITY 3RD FLOOR, CAKUNG TAMUR"|"JAKARTA GARDEN CITY"|"XX"|"13910"|"Indonesia"|"106.95220"|"-6.17253"|"62 21 22463408"|""|""|""|""|""|""|""|""|""|""|""|""|""|""|""|""|""|""
"1396"|""|"LOTTE SHOPPING AVENUE, 4TH FLOOR UNIT 4F-30, JL PROF. DR. SATRIO DAV 3-5, KARET KUNINGAN, SETABUDI"|"JAKARTA SELATAN"|"XX"|"12940"|"Indonesia"|"106.82319"|"-6.22394"|"6221-2988 8841"|""|""|""|""|""|""|""|""|""|""|""|""|""|""|""|""|""|""
"1420"|""|"Grand Pramuka Square, Unit GF-25B, Jl. Ahmad Yani Kav. 49, Cempaka Putih"|"RAWASARI"|"XX"|""|"Indonesia"|"106.87443"|"-6.18871"|"555-555-5555"|""|""|""|""|""|""|""|""|""|""|""|""|""|""|""|""|""|""
"1421"|""|"Jl. Pantai Indah Utara 2 Blok K1-K2, Kel. Kapuk Muara, Kec. Penjaringan"|"JAKARTA UTARA"|"XX"|""|"Indonesia"|"106.75743"|"-6.11605"|"555-555-5555"|""|""|""|""|""|""|""|""|""|""|""|""|""|""|""|""|""|""
"1422"|""|"AV. NEREO RODRIGUEZ BARRAGAN 450 COL. DEL VALLE LOCAL UL 18 B2 Y B3"|"SAN LUIS POTOSI"|"XX"|"78200"|"Mexico"|"-101.00569"|"22.15507"|"444-535-4303"|""|""|""|""|""|""|""|""|""|""|""|""|""|""|""|""|""|""
"1423"|""|"BLVD. MORELOS #185 COL. PROLONGACION LONGORIA"|"REYNOSA"|"XX"|""|"Mexico"|"-98.29053"|"26.06912"|"899-128-0162"|""|""|""|""|""|""|""|""|""|""|""|""|""|""|""|""|""|""
"1424"|""|"CARRETERA MONTERREY-REYNOSA #106-D COL. FUENTES DEL VALLE"|"REYNOSA"|"XX"|""|"Mexico"|"-98.33456"|"26.06919"|"8991622626"|""|""|""|""|""|""|""|""|""|""|""|""|""|""|""|""|""|""
"1430"|""|"CENTRO COMERCIAL TERRAZAS ARENAL, ARENAL 651, LOCAL R05 ARENAL 610, SANTA MARIA TEPEPAN"|"XOCHIMILCO"|"XX"|"16020"|"Mexico"|"-99.13721"|"19.27943"|"91301125"|""|""|""|""|""|""|""|""|""|""|""|""|""|""|""|""|""|""
"1431"|""|"CIRCUNVALACION PICHUCALCO #655"|"TUXTLA GUTIERREZ"|"XX"|"29030"|"Mexico"|"-93.12846"|"16.75761"|"9616881447"|""|""|""|""|""|""|""|""|""|""|""|""|""|""|""|""|""|""
"1432"|""|"PFA, SHOP NO. LS 10, UPTOWN MIRDIFF RETAIL"|"DUBAI"|"XX"|""|"United Arab Emirates"|"55.42583"|"25.22400"|"00971 4 2821424"|""|""|""|""|""|""|""|""|""|""|""|""|""|""|""|""|""|""
"1438"|""|"MULTIPLAZA IXCALLI LOCAL SA1, PASEO TOLLOCAN 16, CENTRO URBANO"|"CUAUTITLAN IZCALLI"|"XX"|"54750"|"Mexico"|"-99.20769"|"19.64888"|"55-58713670"|""|""|""|""|""|""|""|""|""|""|""|""|""|""|""|""|""|""
"1445"|""|"FX Sudirman unit fl #02,03,O102,O103, Jl. Jendral Sudirman, Pintu Satu Senayan"|"JAKARTA PUSAT"|"XX"|""|"Indonesia"|"106.80415"|"-6.22457"|"555-555-5555"|""|""|""|""|""|""|""|""|""|""|""|""|""|""|""|""|""|""
"1447"|""|"MULTIPLAZA ARAGON, AV. CARLOS HANK GONZALEZ 120, RINCONADA DE ARAGON"|"ARAGON"|"XX"|"55140"|"Mexico"|"-99.02864"|"19.53039"|"55-5775-1827"|""|""|""|""|""|""|""|""|""|""|""|""|""|""|""|""|""|""
"1448"|""|"GANDARIA CITY, 2ND FL, UNIT 247, JL. SULTAN ISKANDAR MUDA, KEBAYORAN LAMA UTARA, Kecamatan Kebayoran"|"JAKARTA"|"XX"|"12240"|"Indonesia"|"106.78403"|"-6.24425"|"6221 27938321"|""|""|""|""|""|""|""|""|""|""|""|""|""|""|""|""|""|""
"1449"|""|"TERASKOTA ENTERTAINMENT CENTER, GROUND FL, NO. 2, JL. PAHLAWAN SERIBU CBD LOT VII B, LENGKONG GUDANG"|"JAKARTA"|"XX"|""|"Indonesia"|"106.66719"|"-6.29573"|"021) 55695775"|""|""|""|""|""|""|""|""|""|""|""|""|""|""|""|""|""|""
"1451"|""|"CAMINO REAL DE LA PLATA 102, GALERIAS PACHUCA"|"PACHUCA"|"XX"|"42084"|"Mexico"|"-98.76844"|"20.09826"|"55-8713964731"|""|""|""|""|""|""|""|""|""|""|""|""|""|""|""|""|""|""
"1463"|""|"CENTRO COMERCIAL PASAJE FERRIA, ANTIGUA CALZ. DE GUADALUPE 99C, SAN MARCOS, LOCAL: SA-04, L25"|"AZCAPOTZALCO"|"XX"|"2020"|"Mexico"|"-99.17964"|"19.48912"|"5160-3943"|""|""|""|""|""|""|""|""|""|""|""|""|""|""|""|""|""|""
"1465"|""|"BLVD. MIGUEL ALEMAN 905 COL. VILLA CAMPESTRE"|"GOMEZ PALACIO"|"XX"|"35080"|"Mexico"|"-103.50399"|"25.55506"|"871-688-7834"|""|""|""|""|""|""|""|""|""|""|""|""|""|""|""|""|""|""
"1477"|""|"KALIBATA CITY SQUARE UNIT LG/B.01, JALAN RAYA KALIBATA NO. 1, RT. 9/RW. 4, RAWAJATI, PANCORAN"|"KOTA JAKARTA SELATAN"|"XX"|""|"Indonesia"|"106.85200"|"-6.25591"|"555-555-5555"|""|""|""|""|""|""|""|""|""|""|""|""|""|""|""|""|""|""
"1478"|""|"JL. R.A. MARTADINATA NO 18, KELURAHAN CITARUM, KECAMATAN BANDUNG WETAN"|"BANDUNG"|"XX"|""|"Indonesia"|"107.59517"|"-6.91495"|"62 22 2054 3204"|""|""|""|""|""|""|""|""|""|""|""|""|""|""|""|""|""|""
"1479"|""|"138 - 140 SHAFTESBURY AVENUE"|"LONDON"|"XX"|"WC2H 8HB"|"United Kingdom"|"-0.12921"|"51.51307"|"44 20 8036 9920"|""|""|""|""|""|""|""|""|""|""|""|""|""|""|""|""|""|""
"1487"|""|"PASEO COLON 2202 COL. MADERO"|"NUEVO LAREDO"|"XX"|"88270"|"Mexico"|"-99.50307"|"27.46679"|"867-714-1598"|""|""|""|""|""|""|""|""|""|""|""|""|""|""|""|""|""|""
"1488"|""|"AVE. RICARDO FLORES MAGON 210 COL GUERRERO DEL CUAUHTEMOC; LOCAL R-02, NIVEL 2"|"CUAUHTEMOC"|"XX"|"6300"|"Mexico"|"-99.14087"|"19.45066"|""|""|""|""|""|""|""|""|""|""|""|""|""|""|""|""|""|""|""
"1489"|""|"EJE METROPOLITANO 8 ZONA LA ALIANZA"|"SAN PEDRO GARZA GARCIA"|"XX"|"66259"|"Mexico"|"-100.36048"|"25.65285"|"811-049-3038"|""|""|""|""|""|""|""|""|""|""|""|""|""|""|""|""|""|""
"1514"|""|"Blvd. Magnocentro 25 Local 217 TZ01, Col. San Fernando la Herradura"|"HUIXQUILUCAN"|"XX"|"52778"|"Mexico"|"-99.27221"|"19.40684"|"5551628385"|""|""|""|""|""|""|""|""|""|""|""|""|""|""|""|""|""|""
"1517"|""|"AV. HENRY FORD 153 COL. BONDOJITO, GUSTAVO A. MADERO"|"MEXICO CITY"|"XX"|""|"Mexico"|"-99.11555"|"19.46896"|"5529226543"|""|""|""|""|""|""|""|""|""|""|""|""|""|""|""|""|""|""
"1533"|""|"CILEGON CENTER MALL, 3RD FLOOR, UNIT L3-01, JL. AHMAD YANI NO. 11, SUKMAJAYA, KEC. JOMBANG"|"KOTA CILEGON"|"XX"|""|"Indonesia"|"106.06994"|"-6.02407"|"62 0254 7817667"|""|""|""|""|""|""|""|""|""|""|""|""|""|""|""|""|""|""
"1534"|""|"PESONA SQUARE LOWE GROUND, UNIT LG-07L JL. IR.H. JUANDA RT 005/RW 002, KEL. BAKTIJAYA"|"KEC. SUKMAJAYA"|"XX"|""|"Indonesia"|"106.84413"|"-6.38046"|"555-555-5555"|""|""|""|""|""|""|""|""|""|""|""|""|""|""|""|""|""|""
"1535"|""|"TANGCITY MALL, GROUND FLOOR, UNIT B 0006, JL. JENDRAL SUDIRMAN NO. 1, CIKOKOL"|"TANGERANG"|"XX"|""|"Indonesia"|"106.63365"|"-6.19415"|"555-555-5555"|""|""|""|""|""|""|""|""|""|""|""|""|""|""|""|""|""|""
"1536"|""|"SK-04, THE WAVES B, DUBAI MARINA"|"DUBAI"|"XX"|""|"United Arab Emirates"|"55.13364"|"25.07162"|"555-555-5555"|""|""|""|""|""|""|""|""|""|""|""|""|""|""|""|""|""|""
"1537"|""|"CALZADE DE TLALPAN 3465, STA. URSULA COAPA, COYOACAN"|"MEXICO CITY"|"XX"|"04650"|"Mexico"|"-99.15050"|"19.30299"|"555-555-5555"|""|""|""|""|""|""|""|""|""|""|""|""|""|""|""|""|""|""
"1543"|""|"Libramiento Manuel Perez Tevi?o SN Col. Tecnologico"|"PIEDRAS NEGRAS"|"XX"|"26080"|"Mexico"|"-100.55821"|"28.68833"|"8787869742"|""|""|""|""|""|""|""|""|""|""|""|""|""|""|""|""|""|""
"1545"|""|"1 TAMPINES WALK, #B1-K5 OUR TAMPINES HUB"|"SINGAPORE"|"XX"|"528523"|"Singapore"|"103.94030"|"1.35355"|"65145119"|""|""|""|""|""|""|""|""|""|""|""|""|""|""|""|""|""|""
"1560"|""|"BLVD TAMAULIPAS NO. 2817, COLONIA LAS HUERTAS"|"CUIDAD VICTORIA"|"XX"|"87025"|"Mexico"|"-99.14113"|"23.75458"|"52-834-688-5822"|""|""|""|""|""|""|""|""|""|""|""|""|""|""|""|""|""|""
"1561"|""|"PERIF. LUIS ECHEVERRIA 1648, REPUBLICA"|"SALTILLO"|"XX"|"25280"|"Mexico"|"-100.96284"|"25.46337"|"52-844-439-0414"|""|""|""|""|""|""|""|""|""|""|""|""|""|""|""|""|""|""
"1563"|""|"BLVD. JOSE LIMON, ANTES CARR. INTERNACIONAL MEXICO-NOGALES NO. 2545 NTE., Local T, Col. Predio Humay"|"CULIACAN"|"XX"|"80020"|"Mexico"|"-107.42756"|"24.82699"|"(+52) 667 688 6235"|""|""|""|""|""|""|""|""|""|""|""|""|""|""|""|""|""|""
"1564"|""|"PLAZA LAS ANTENAS, AV. PERIFERICO NO. 3278, COLONIA LA ESPERANZA, DELEGACION IZTAPALAPA"|"MEXICO CITY"|"XX"|"09910"|"Mexico"|"-99.07721"|"19.31484"|"55516183000"|""|""|""|""|""|""|""|""|""|""|""|""|""|""|""|""|""|""
"1565"|""|"PLAZA CITADINA MULTIPLAZA LINDAVISTA, MIGUEL ALEMAN 5054 COL. LINDAVISTA"|"GUADALUPE"|"XX"|"67130"|"Mexico"|"-100.24808"|"25.69129"|"811 027 3138"|""|""|""|""|""|""|""|""|""|""|""|""|""|""|""|""|""|""
"1587"|""|"PLAZA MARIACHI, JUAN ALDAMA NO. 1300 LOCAL 6.1 COL. CENTRO"|"CHIHUAHUA"|"XX"|"31000"|"Mexico"|"-106.07179"|"28.63996"|"614-412-1726"|""|""|""|""|""|""|""|""|""|""|""|""|""|""|""|""|""|""
"1595"|""|"PLAZA CITADINA ESCOBEDO, RAUL SALINAS 555 FS 02 CRUZ CON VIA TORREON COL. CORTIJO LOS AYALAS"|"ESCOBEDO"|"XX"|"66072"|"Mexico"|"-100.33003"|"25.79291"|"27043569"|""|""|""|""|""|""|""|""|""|""|""|""|""|""|""|""|""|""
"1600"|""|"SM 10 AL-GHURAIR CENTRE, AL MURQABAT"|"DUBAI"|"XX"|""|"United Arab Emirates"|"55.31822"|"25.26851"|"971 434 88772"|""|""|""|""|""|""|""|""|""|""|""|""|""|""|""|""|""|""
"1601"|""|"CALLE UNIVERSIDAD NO. 2229-A COLONIA SAN JOSE DEL ARENAL"|"AGUASCALIENTES"|"XX"|"20130"|"Mexico"|"-102.30979"|"21.90857"|"55-5250-3906"|""|""|""|""|""|""|""|""|""|""|""|""|""|""|""|""|""|""
"1605"|""|"PORTAL CENTRO, FRANCISCO JAVIER CLAVIJERO 258, TRANSITO"|"CUAUHTEMOC"|"XX"|"06820"|"Mexico"|"-99.13021"|"19.41943"|"52 06 99 69"|""|""|""|""|""|""|""|""|""|""|""|""|""|""|""|""|""|""
"1611"|""|"TRANSPARK CIBUBUR, 3RD FLOOR, UNIT #L3-02 & 03, JL. ALTERNATIF CIBUBUR NO. 230, HARJAMUKTI - CIMANGG"|"KOTA DEPOK"|"XX"|"16454"|"Indonesia"|"106.90225"|"-6.37540"|"62-213-970-1127"|""|""|""|""|""|""|""|""|""|""|""|""|""|""|""|""|""|""
"1615"|""|"PARQUE PUEBLA, CALZADA IGNACIO ZARAGOZA 410, R104, TR104 COLONIA CORREDOR INDUSTRIAL LA CINEGA"|"PUEBLA"|"XX"|"72220"|"Mexico"|"-98.17254"|"19.06947"|"(+52) 22-2227-8585"|""|""|""|""|""|""|""|""|""|""|""|""|""|""|""|""|""|""
"1632"|""|"GRAND INDONESIA WEST MALL 5TH FL, UNIT ED2-01A, JL. MH THAMRIN NO. 1"|"JAKARTA"|"XX"|""|"Indonesia"|"106.82031"|"-6.19543"|"6221-310-8255"|""|""|""|""|""|""|""|""|""|""|""|""|""|""|""|""|""|""
"1640"|""|"AV. HIDALGO #5514 COL. PETROLERA"|"TAMPICO"|"XX"|"89110"|"Mexico"|"-97.87449"|"22.26621"|"833-1256-612"|""|""|""|""|""|""|""|""|""|""|""|""|""|""|""|""|""|""
"1667"|""|"Av. Canal R?o Churubusco No. 1635, 
Colonia Central de Abastos, Del. Iztapalapa,"|"MEXICO CITY"|"XX"|"09040"|"Mexico"|"-99.09555"|"19.37826"|"(+52 1) 55 2120 7448"|""|""|""|""|""|""|""|""|""|""|""|""|""|""|""|""|""|""
"1682"|""|"Toluca Carranza, Calle Gral. Venustiano Carranza 701 Poniente, Residencial Col?n y Col Cipr?s, CP. 5"|"TOLUCA DE LERDO"|"XX"|"50120"|"Mexico"|"-99.65992"|"19.27898"|"722-2274-526"|""|""|""|""|""|""|""|""|""|""|""|""|""|""|""|""|""|""
"1687"|""|"Apex Atrium, Motor City"|"DUBAI"|"XX"|""|"United Arab Emirates"|"55.23580"|"25.04649"|"971 58 283 3238"|""|""|""|""|""|""|""|""|""|""|""|""|""|""|""|""|""|""
"1693"|""|"12 Kingsland High Street Dalston"|"LONDON"|"XX"|"E8 2JP"|"United Kingdom"|"-0.07551"|"51.54667"|"020 8070 0060"|""|""|""|""|""|""|""|""|""|""|""|""|""|""|""|""|""|""
"1695"|""|"Plaza Via 02, Blvd. Rogelio Cantu Gomez 1000, Local 54, Colinas de San Jeronimo, C.P."|"MONTERREY"|"XX"|"64630"|"Mexico"|"-100.38162"|"25.69640"|"81 2235-7010"|""|""|""|""|""|""|""|""|""|""|""|""|""|""|""|""|""|""
"1699"|""|"Subancla exterior 01 Av. Circuito Antonio Valdez Herrera #1600, Ejido Islas Agrarias A, CP"|"MEXICALI"|"XX"|"21600"|"Mexico"|"-115.38757"|"32.61196"|"555-555-5555"|""|""|""|""|""|""|""|""|""|""|""|""|""|""|""|""|""|""
"1702"|""|"63 Jurong West Central 3 #01-47/89/90/91
Jurong Point Shopping Centre"|"JURONG WEST"|"XX"|"648331"|"Singapore"|"103.70635"|"1.33978"|"65-62613778"|""|""|""|""|""|""|""|""|""|""|""|""|""|""|""|""|""|""
"1706"|""|"28, Avenue de Sainte-Claire"|"LA VALETTE DU VAR"|"XX"|"83 160"|"France"|"6.00327"|"43.13625"|"555-555-5555"|""|""|""|""|""|""|""|""|""|""|""|""|""|""|""|""|""|""
"1708"|""|"Tunjungan Plaza 3 Mall, Unit PC-OFC-05 009
Jalan Basuki Rahmad No. 8-12"|"SURABAYA"|"XX"|"60261"|"Indonesia"|"112.72864"|"-7.26141"|"03 19 925 5201"|""|""|""|""|""|""|""|""|""|""|""|""|""|""|""|""|""|""
"1709"|""|"Unit 3 Heliport Industrial Estate
Bridges Court, York Road
Battersea"|"LONDON"|"XX"|"SW11 3SS"|"United Kingdom"|"-0.17783"|"51.46898"|"02074992423"|""|""|""|""|""|""|""|""|""|""|""|""|""|""|""|""|""|""
"1710"|""|"Av. Paseo de la Reforma #452
Colonia Juarez
Delegacion Cuauhtemoc"|"MEXICO CITY"|"XX"|"06600"|"Mexico"|"-99.17237"|"19.42432"|"55-1313-8482"|""|""|""|""|""|""|""|""|""|""|""|""|""|""|""|""|""|""
"1713"|""|"Ciputra Mall, Lower Ground Floor, Unit 02A-3
Jl. Arteri S. Parman, Grogol"|"JAKARTA"|"XX"|""|"Indonesia"|"106.78736"|"-6.16822"|"(62)215600987"|""|""|""|""|""|""|""|""|""|""|""|""|""|""|""|""|""|""
"1714"|""|"Avenida Juarez #2702, Col. La Paz, C.P."|"PUEBLA"|"XX"|"72160"|"Mexico"|"-98.21967"|"19.05247"|"55-3058-1427"|""|""|""|""|""|""|""|""|""|""|""|""|""|""|""|""|""|""
"1715"|""|"Viaducto Rio de la Piedad #515, L-113, Col. Granjas Mexico, Del. Iztacalco, CP"|"MEXICO CITY"|"XX"|"08400"|"Mexico"|"-99.11046"|"19.40548"|"55 5833-1836"|""|""|""|""|""|""|""|""|""|""|""|""|""|""|""|""|""|""
"1716"|""|"Avenida Reforma 337 A, Colonia Centro, C.P. 7200"|"PUEBLA"|"XX"|""|"Mexico"|"-98.20142"|"19.04586"|"22-2956-1894"|""|""|""|""|""|""|""|""|""|""|""|""|""|""|""|""|""|""
"1719"|""|"Pad-F Blvd. Corredor Tijuana-Rosarito 2000, #26135, Col. Ejido Francisco Villa, Delegacion La Presa,"|"TIJUANA"|"XX"|"22236"|"Mexico"|"-116.94059"|"32.37349"|"66 4904 1412"|""|""|""|""|""|""|""|""|""|""|""|""|""|""|""|""|""|""
"1720"|""|"Mall Kelapa Gading 3, 3rd Floor, Unit R02B, Jl Bulevar Kelapa Gading Blok M"|"JAKARTA"|"XX"|"14240"|"Indonesia"|"106.90995"|"-6.15720"|"(62)2145864993"|""|""|""|""|""|""|""|""|""|""|""|""|""|""|""|""|""|""
"1721"|""|"Plaza Mayor: Blvd. Juan Alonso de Torres #2002, Local ZM2714, Col. El Refugio"|"LEON"|"XX"|"37270"|"Mexico"|"-101.69539"|"21.15766"|"47 7287 4416"|""|""|""|""|""|""|""|""|""|""|""|""|""|""|""|""|""|""
"1728"|""|"LG Floor, Unit LG-219
Jl. S. Parman Kav. 28, Grogol Petamburan,"|"WEST JAKARTA"|"XX"|""|"Indonesia"|"106.78971"|"-6.17470"|"(62)2150860787"|""|""|""|""|""|""|""|""|""|""|""|""|""|""|""|""|""|""
"1734"|""|"First Floor, Unit 1F-D1, J1. Boulevard Barat Raya, Kelapa Gading"|"NORTH JAKARTA"|"XX"|"14240"|"Indonesia"|"106.89213"|"-6.15103"|"(62) 212 452 4541"|""|""|""|""|""|""|""|""|""|""|""|""|""|""|""|""|""|""
"1735"|""|"17 Petir Rd, rental unit #B2-59 Hillion Mall"|"SINGAPORE"|"XX"|"678278"|"Singapore"|"103.76341"|"1.37848"|"65-62594428"|""|""|""|""|""|""|""|""|""|""|""|""|""|""|""|""|""|""
"1743"|""|"Kuningan City Mall, Ground Floor, Unit GF-23B
Jl. Prof. Dr. Satrio Kav. 18"|"SOUTH JAKARTA"|"XX"|"12940"|"Indonesia"|"106.83028"|"-6.22420"|"(62) 215-010-0562"|""|""|""|""|""|""|""|""|""|""|""|""|""|""|""|""|""|""
"1744"|""|"Av. Jacinto Canek No. 630 Colonia Bojorquez CP 97238"|"MERIDA"|"XX"|"097238"|"Mexico"|"-89.65437"|"20.98366"|"999 4813 273"|""|""|""|""|""|""|""|""|""|""|""|""|""|""|""|""|""|""
"1745"|""|"Bluewater Shopping Center, Winter Garden, Unit EVL11, Kent"|"GREENHITHE"|"XX"|"DA9 9ST"|"United Kingdom"|"0.27360"|"51.43921"|""|""|""|""|""|""|""|""|""|""|""|""|""|""|""|""|""|""|""
"1756"|""|"Av. Cuitlahuac #2309, Planta Baja R05, Colonia:  San Salvador Xochimanca, Alcaldia:  Azcapotzalco, C"|"MEXICO CITY"|"XX"|"02870"|"Mexico"|"-99.17788"|"19.45947"|"55-3076-4759"|""|""|""|""|""|""|""|""|""|""|""|""|""|""|""|""|""|""
"1772"|""|"Unit 6, 9 Regis Road, Kentish Town"|"LONDON"|"XX"|"NW5 3EW"|"United Kingdom"|"-0.14523"|"51.55071"|""|""|""|""|""|""|""|""|""|""|""|""|""|""|""|""|""|""|""
"1790"|""|"28 Gambas Crescent, #03-00 Nordcom 2"|"SEMBAWANG"|"XX"|""|"Singapore"|"103.81643"|"1.44335"|"555-555-5555"|""|""|""|""|""|""|""|""|""|""|""|""|""|""|""|""|""|""
"1791"|""|"Funtastico Bintaro, unit LOT 1, Kavling komersial Bintaro Jaya CE/B 05&06, Paringi, Pondok Aren, Sou"|"JAKARTA"|"XX"|""|"Indonesia"|"106.69778"|"-6.27264"|"(62)2122215057"|""|""|""|""|""|""|""|""|""|""|""|""|""|""|""|""|""|""
"1817"|""|"KH. Achmad Dahlan No. 20, Kramat Pela, Kebayoran Baru"|"JAKARTA"|"XX"|"12130"|"Indonesia"|"106.79184"|"-6.24623"|"(62)2127092269"|""|""|""|""|""|""|""|""|""|""|""|""|""|""|""|""|""|""
"1824"|""|"Plaza Cuatro Caminos, Blvd. Independencia #1300 Oriente, Local 116 y 117, Colonia Navarro, CP 27010"|"TORREON"|"XX"|""|"Mexico"|"-103.43378"|"25.55993"|"87.1724.0858"|""|""|""|""|""|""|""|""|""|""|""|""|""|""|""|""|""|""
"1825"|""|"Jl. TB Simatupang No. Kav. 17, Cilandak Bar., Kec. Cilandak, Selatan"|"JAKARTA"|"XX"|"12430"|"Indonesia"|"106.80002"|"-6.29152"|"(62)2175920284"|""|""|""|""|""|""|""|""|""|""|""|""|""|""|""|""|""|""
"1845"|""|"Unit No. 53, Zawaya Walk, University Rd., Al Shahbaa"|"SHARJAH"|"XX"|""|"United Arab Emirates"|"55.44301"|"25.33033"|""|""|""|""|""|""|""|""|""|""|""|""|""|""|""|""|""|""|""
"1862"|""|"Plaza Town Square Metepec:  Av. Ignacio Comonfort #1100 Norte, Local H-216, Residencial la Providenc"|"METEPEC"|"XX"|"52177"|"Mexico"|"-99.60578"|"19.26682"|"722 688 8826"|""|""|""|""|""|""|""|""|""|""|""|""|""|""|""|""|""|""
"1889"|""|"75 Gloucester Road, South Kensington"|"LONDON"|"XX"|"SW7 4SS"|"United Kingdom"|"-0.18254"|"51.49477"|"555-555-5555"|""|""|""|""|""|""|""|""|""|""|""|""|""|""|""|""|""|""
"1896"|""|"Jl. Senopati No. 52, Kecamatan Kebayoran baru"|"JAKARTA"|"XX"|"12110"|"Indonesia"|"106.80840"|"-6.23103"|"(62) 212-956-9969"|""|""|""|""|""|""|""|""|""|""|""|""|""|""|""|""|""|""
"1897"|""|"Centro Comercial Shop Elite Residences Santa Fe: Av Santa Fe #498, Local PB - A2, Lomas de Santa Fe,"|"MEXICO CITY"|"XX"|""|"Mexico"|"-99.27213"|"19.35820"|"55-5925-76-02"|""|""|""|""|""|""|""|""|""|""|""|""|""|""|""|""|""|""
"1908"|""|"Eje 1 Norte Mosqueta #259 Local N2-25, esquina Avenida Insurgentes,Colonia Buenavista, Alcaldia Cuau"|"MEXICO CITY"|"XX"|"06350"|"Mexico"|"-99.15163"|"19.44967"|"(+52) 55 2421 1343"|""|""|""|""|""|""|""|""|""|""|""|""|""|""|""|""|""|""
"1931"|""|"The Oracle Shopping Center, Unit No. 24a, First Floor, Riverside Rd."|"READING"|"XX"|"RG1 2AH"|"United Kingdom"|"-0.97163"|"51.45357"|"555-555-5555"|""|""|""|""|""|""|""|""|""|""|""|""|""|""|""|""|""|""
"1970"|""|"Plaza Cosmopol, Av. Jos? L?pez Portillo #1 , local D-105 y D-106 ,Colonia Bosques del Valle, San Fra"|"MEXICO CITY"|"XX"|"55717"|"Mexico"|"-99.12483"|"19.63183"|"55 21 25 56 96"|""|""|""|""|""|""|""|""|""|""|""|""|""|""|""|""|""|""
"1996"|""|"3 Simei Street 6, #B1-11 Eastpoint Mall, S528833"|"SINGAPORE"|"XX"|"S528833"|"Singapore"|"103.95315"|"1.34319"|"6980 6311"|""|""|""|""|""|""|""|""|""|""|""|""|""|""|""|""|""|""
"2024"|""|"Av. Presidente Masaryk #249, Local A-1 Colonia Polanco IV Secc, Alcaldia Miguel Hidalgo, CP. 11510, "|"MEXICO CITY"|"XX"|"11510"|"Mexico"|"-99.19150"|"19.43175"|"555-555-5555"|""|""|""|""|""|""|""|""|""|""|""|""|""|""|""|""|""|""
"2025"|""|"105 Clarence Street, Kingston upon Thames"|"KINGSTON"|"XX"|"KT1 1QL"|"United Kingdom"|"-0.30107"|"51.41097"|"555-555-5555"|""|""|""|""|""|""|""|""|""|""|""|""|""|""|""|""|""|""
"2026"|""|"Unit SU524, Bullring Shopping Centre"|"BIRMINGHAM"|"XX"|"B5 4BE"|"United Kingdom"|"-1.89440"|"52.47797"|"555-555-5555"|""|""|""|""|""|""|""|""|""|""|""|""|""|""|""|""|""|""
"2045"|""|"Av. Industrial del poniente #1050, Local LH151, LH152, LH153, Colonia Industrias del poniente, CP. 6"|"SANTA CATARINA"|"XX"|""|"Mexico"|"-100.44992"|"25.67599"|"81 3182 6233"|""|""|""|""|""|""|""|""|""|""|""|""|""|""|""|""|""|""
"2073"|""|"Jl. Basuki Rachmat No. 1A, Cipinang Besar Selatan, East Jakarta, 13410 Indonesia"|"JAKARTA"|"XX"|""|"Indonesia"|"106.87789"|"-6.22459"|"555-555-5555"|""|""|""|""|""|""|""|""|""|""|""|""|""|""|""|""|""|""
"2080"|""|"Av. Patriotismo 229, Local N-3-2, Colonia San Pedro de los Pinos"|"ALCALDIA BENITO JUAREZ"|"XX"|"CP 03800"|"Mexico"|""|""|"555-555-5555"|""|""|""|""|""|""|""|""|""|""|""|""|""|""|""|""|""|""
"2089"|""|"Av. Las Torres #2111, Subancla Interior F, Colonia Lote Bravo, CP"|"CIUDAD JUAREZ"|"XX"|"32575"|"Mexico"|"106.3964485? W"|"31.6218648? N"|"656 605 1022"|""|""|""|""|""|""|""|""|""|""|""|""|""|""|""|""|""|""
"2090"|""|"Jl. Jemursari No. 262, Prapen, Kecamatan Tenggilis Mejoyo"|"SURABAYA"|"XX"|"60299"|"Indonesia"|"112.75703? E"|"7.31269? S"|"555-555-5555"|""|""|""|""|""|""|""|""|""|""|""|""|""|""|""|""|""|""
"2097"|""|"Av Constitucion de la Republica #221, Local R-09, Colonia La Pradera, Alcaldia Gustavo A. Madero 075"|"MEXICO CITY"|"XX"|""|"Mexico"|""|""|"52 55 2875 0784"|""|""|""|""|""|""|""|""|""|""|""|""|""|""|""|""|""|""
"2100"|""|"Calle Atlixco #94, Local A, Colonia Condesa, Alcaldia Cuauhtemoc, CP. 06140"|"MEXICO CITY"|"XX"|"06140"|"Mexico"|""|""|"555-555-5555"|""|""|""|""|""|""|""|""|""|""|""|""|""|""|""|""|""|""
"2110"|""|"AV. Gral. Lauro Villar #102, L1, Zona Industrial"|"HEROICA MATAMOROS"|"XX"|"87360"|"Mexico"|""|""|"52-868-1113-048"|""|""|""|""|""|""|""|""|""|""|""|""|""|""|""|""|""|""
"2115"|""|"Jl. Raden Inten II No. 2,  Duren Sawit"|"JAKARTA"|"XX"|"13440"|"Indonesia"|"106.92378198347892"|"-6.220403777604059"|"62129195273"|""|""|""|""|""|""|""|""|""|""|""|""|""|""|""|""|""|""
"2116"|""|"Jl. Siliwangi Raya No. 16, Pondok Benda, Pamulang Tangerang Selatan"|"JAKARTA"|"XX"|"15416"|"Indonesia"|"106.71232031457794"|"-6.345813717768109"|"555-555-5555"|""|""|""|""|""|""|""|""|""|""|""|""|""|""|""|""|""|""
"2117"|""|"Summarecon Mall Bekasi, Jl. Bulevard Ahmad Yani Blok M, Marga Mulya, Kec. Bekasi Utara, Bekasi"|"JAKARTA"|"XX"|"17142"|"Indonesia"|"107.00110858546473"|"-6.2258822828040765"|"555-555-5555"|""|""|""|""|""|""|""|""|""|""|""|""|""|""|""|""|""|""
"2120"|""|"Unit 39B, Ground and Mezzanine Level, George White Street, Cabot Circus"|"BRISTOL"|"XX"|"BS1 3Bal"|"United Kingdom"|""|""|"555-555-5555"|""|""|""|""|""|""|""|""|""|""|""|""|""|""|""|""|""|""
"2125"|""|"11-13 Piccadilly"|"MANCHESTER"|"XX"|"M1 1LZ"|"United Kingdom"|""|""|"555-555-5555"|""|""|""|""|""|""|""|""|""|""|""|""|""|""|""|""|""|""
"2151"|""|"598 Yishun Ring Road #B1-K08/K10/K11 Wisteria Mall"|"SINGAPORE"|"XX"|"768698"|"Singapore"|""|""|"555-555-5555"|""|""|""|""|""|""|""|""|""|""|""|""|""|""|""|""|""|""
"2152"|""|"Jl. Raya Parung - Ciputat No. 1, RW.004, Serua, Kec. Bojongsari, Kota Depok, Jawa Barat"|"JAKARTA"|"XX"|"16555"|"Indonesia"|""|""|"555-555-5555"|""|""|""|""|""|""|""|""|""|""|""|""|""|""|""|""|""|""
"2155"|""|"C1.31, Leith Street Eats Level 1, St James Centre"|"EDINBURGH"|"XX"|"EH1 3SR"|"United Kingdom"|""|""|"555-555-5555"|""|""|""|""|""|""|""|""|""|""|""|""|""|""|""|""|""|""
"2156"|""|"Gran Terraza Coapa:  Calz Acoxpa 610, Local A-04B, Colonia Villa Coapa, CP 14390, Alcaldia Tlalpan"|"MEXICO CITY"|"XX"|""|"Mexico"|""|""|"555-555-5555"|""|""|""|""|""|""|""|""|""|""|""|""|""|""|""|""|""|""
"2162"|""|"Jl. Tanjung Barat No. 163, Tanjung Barat"|"JAKARTA"|"XX"|"12530"|"Indonesia"|""|""|"555-555-5555"|""|""|""|""|""|""|""|""|""|""|""|""|""|""|""|""|""|""
"2163"|""|"Power Center San Marcos:  Av. Chalma s/n, Local E-05 y E-06, Colonia Jardines de la Hacienda, CP 547"|"MEXICO CITY"|"XX"|"54715"|"Mexico"|""|""|"555-555-5555"|""|""|""|""|""|""|""|""|""|""|""|""|""|""|""|""|""|""
"2164"|""|"Agustin Olachea Aviles 1515, El Zacatal, BCS 23090"|"LA PAZ"|"XX"|""|"Mexico"|""|""|"555-555-5555"|""|""|""|""|""|""|""|""|""|""|""|""|""|""|""|""|""|""
"2167"|""|"Shop No 6, Al Taawun Street, Style Tower"|"SHARJAH"|"XX"|""|"United Arab Emirates"|""|""|"555-555-5555"|""|""|""|""|""|""|""|""|""|""|""|""|""|""|""|""|""|""
"2168"|""|"FS 04, Al Asalah Street, Al Wahda Mall"|"ABU DHABI"|"XX"|""|"United Arab Emirates"|""|""|"555-555-5555"|""|""|""|""|""|""|""|""|""|""|""|""|""|""|""|""|""|""
"2178"|""|"Jl. Raya Jati Asih No 80, Jatiasih, Bekasi 17424"|"JATIASIH"|"XX"|""|"Indonesia"|""|""|"555-555-5555"|""|""|""|""|""|""|""|""|""|""|""|""|""|""|""|""|""|""
"2179"|""|"Jl. Raya Kertajaya Indah No.29, Manyar Sabrangan, Mulyorejo, Surabaya 60116"|"JAKARTA"|"XX"|""|"Indonesia"|""|""|"555-555-5555"|""|""|""|""|""|""|""|""|""|""|""|""|""|""|""|""|""|""
"2190"|""|"2218 Bloor Street West"|"TORONTO"|"XX"|"M6S 1N4"|"Canada"|""|""|"555-555-5555"|""|""|""|""|""|""|""|""|""|""|""|""|""|""|""|""|""|""
"2191"|""|"Encuentro Oceania:  Av Del Penon #355 Local RC-14, Colonia Moctezuma, CP 15530, Alcaldia Venustiano "|"MEXICO CITY"|"XX"|""|"Mexico"|""|""|"555-555-5555"|""|""|""|""|""|""|""|""|""|""|""|""|""|""|""|""|""|""
"2192"|""|"Jl. HOS Cokroaminoto No. 35, 
 Kreo, Larangan
 Kota Tangerang"|"JAKARTA"|"XX"|""|"Indonesia"|""|""|"555-555-5555"|""|""|""|""|""|""|""|""|""|""|""|""|""|""|""|""|""|""
"2199"|""|"4/6 Market Square, Bromley"|"LONDON"|"XX"|"BR1 1NA"|"United Kingdom"|""|""|"555-555-5555"|""|""|""|""|""|""|""|""|""|""|""|""|""|""|""|""|""|""
"2200"|""|"Jl. Raya Darmo No. 12 Tegalsari"|"SURABAYA"|"XX"|"60264"|"Indonesia"|""|""|"555-555-5555"|""|""|""|""|""|""|""|""|""|""|""|""|""|""|""|""|""|""
"2201"|""|"Av. Paseo de Tamarindos Numero 90
Colonia Bosques de las Lomas, Delegacion Cuajimalpa de Morelos"|"MEXICO CITY"|"XX"|"05120"|"Mexico"|""|""|"555-555-5555"|""|""|""|""|""|""|""|""|""|""|""|""|""|""|""|""|""|""
"2218"|""|"Portal Centenario:  Prolongacion 5 de Mayo #3121, Col. Ex Hacienda de Tarango, Alc. Alvaro Obregon, "|"MEXICO CITY"|"XX"|"01610"|"Mexico"|""|""|"555-555-5555"|""|""|""|""|""|""|""|""|""|""|""|""|""|""|""|""|""|""
"2219"|""|"Parque Via Vallejo: Calzada Vallejo no. 1090, Col. Santa Cruz de las Salinas, Demarcacion Territoria"|"MEXICO CITY"|"XX"|""|"Mexico"|""|""|"555-555-5555"|""|""|""|""|""|""|""|""|""|""|""|""|""|""|""|""|""|""
"2224"|""|"Spot Food Truck Park"|"AL AIN"|"XX"|""|"United Arab Emirates"|""|""|"555-555-5555"|""|""|""|""|""|""|""|""|""|""|""|""|""|""|""|""|""|""
"2225"|""|"Compound 97 Shakhbout City"|"ABU DHABI"|"XX"|""|"United Arab Emirates"|""|""|"555-555-5555"|""|""|""|""|""|""|""|""|""|""|""|""|""|""|""|""|""|""
"2226"|""|"9 Sentul Crescent, #02-02 SAFRA"|"PUNGGOL"|"XX"|"828654"|"Singapore"|""|""|"555-555-5555"|""|""|""|""|""|""|""|""|""|""|""|""|""|""|""|""|""|""
"2231"|""|"Jl. Riau No.147, Padang Terubuk, Kec. Senapelan, Kota Pekanbaru, Riau 28155"|"PEKANBARU"|"XX"|"28155"|"Indonesia"|""|""|"555-555-5555"|""|""|""|""|""|""|""|""|""|""|""|""|""|""|""|""|""|""
"2232"|""|"The Cornerhouse, Forman Street"|"NOTTINGHAM"|"XX"|"NG1 4DB"|"United Kingdom"|""|""|"555-555-5555"|""|""|""|""|""|""|""|""|""|""|""|""|""|""|""|""|""|""
"2233"|""|"Unit R15c, The Orient, The Trafford Centre"|"MANCHESTER"|"XX"|"M17 8AA"|"United Kingdom"|""|""|"555-555-5555"|""|""|""|""|""|""|""|""|""|""|""|""|""|""|""|""|""|""
"2244"|""|"Jl. Buah Batu No. 235, Rt 004 RW 006, Kelurahan Turangga, Kecamatan Lengkong, Kota Bandung"|"KOTA BANDUNG"|"XX"|""|"Indonesia"|"107.629555"|"6.943818"|"555-555-5555"|""|""|""|""|""|""|""|""|""|""|""|""|""|""|""|""|""|""
"2256"|""|"377 Hougang Street 32, #01-33 Hougang Rivercourt"|"HOUGANG"|"XX"|"530377"|"Singapore"|"103.89423175791887? E"|"1.3640349850259283? N"|"555-555-5555"|""|""|""|""|""|""|""|""|""|""|""|""|""|""|""|""|""|""
"2257"|""|"Antonio Dovali Jaime No. 70, Colonia Zedec Santa Fe, C.P. 01219 Alcaldia Alvaro Obregon"|"MEXICO CITY"|"XX"|""|"Mexico"|""|""|"555-555-5555"|""|""|""|""|""|""|""|""|""|""|""|""|""|""|""|""|""|""
"2258"|""|"Jl. R.S Veteran No.6 RT 012 RW 003, Kelurahan Bintaro, Kecamatan Pesanggrahan, Kota Jakarta Selatan,"|"JAKARTA"|"XX"|""|"Indonesia"|"106.766061"|"6.263288"|"555-555-5555"|""|""|""|""|""|""|""|""|""|""|""|""|""|""|""|""|""|""
"2286"|""|"Av. Sendero No. 130 Norte, Esquina con Alfonso Reyes, Col. Valley del Canada, C.P. 66050, Municipio "|"ESCOBEDO"|"XX"|""|"Mexico"|""|""|"555-555-5555"|""|""|""|""|""|""|""|""|""|""|""|""|""|""|""|""|""|""
"2293"|""|"Parque Vertice : Blvrd. Nuevo Hidalgo #2701, Subancla numero 3, Colonia Colonias, CP  42083"|"PACHUCA DE SOTO"|"XX"|"72083"|"Mexico"|""|""|"555-555-5555"|""|""|""|""|""|""|""|""|""|""|""|""|""|""|""|""|""|""
"7007"|""|"Unit 4, 271 Merton Road"|"LONDON"|"XX"|"SW18 5JS"|"United Kingdom"|"-0.19250"|"51.44692"|"02038159539"|""|""|""|""|""|""|""|""|""|""|""|""|""|""|""|""|""|""
"7009"|""|"Unit 17, 50 St Georges Street"|"BIRMINGHAM"|"XX"|"B193QU"|"United Kingdom"|"-1.89386"|"52.49086"|"44 (0) 121 392 7975"|""|""|""|""|""|""|""|""|""|""|""|""|""|""|""|""|""|""
"7010"|""|"Unit No.4, Villa No.4, Al Mireef St., Khalifa City ?A?"|"ABU DHABI"|"XX"|""|"United Arab Emirates"|"54.54679"|"24.42474"|""|""|""|""|""|""|""|""|""|""|""|""|""|""|""|""|""|""|""
"7011"|""|"Unit 1, 106 Beddington Lane, Croydon, CR0 4TB"|"CROYDON"|"XX"|"CR0 4TB"|"United Kingdom"|"-0.13116"|"51.37320"|"555-555-5555"|""|""|""|""|""|""|""|""|""|""|""|""|""|""|""|""|""|""
"7012"|""|"375 - 342 Hessa Street, Shop #4 (Red Sea Building 2)"|"DUBAI"|"XX"|""|"United Arab Emirates"|"55.22590"|"25.03794"|"555-555-5555"|""|""|""|""|""|""|""|""|""|""|""|""|""|""|""|""|""|""
"7013"|""|"59 Jalan Pemimpin, Kitchen 24, #01-03 & #01-04"|"SINGAPORE"|"XX"|"577218"|"Singapore"|"103.84244"|"1.35194"|"555-555-5555"|""|""|""|""|""|""|""|""|""|""|""|""|""|""|""|""|""|""
"7015"|""|"Everplate, Tower Athena, Belmont Residence Meruya. Jl. Lapangan Bola Rt8/Rw7, Srengseng Kembangan"|"WEST JAKARTA"|"XX"|"11630"|"Indonesia"|"106.76239"|"-6.20002"|"555-555-5555"|""|""|""|""|""|""|""|""|""|""|""|""|""|""|""|""|""|""
"7018"|""|"Unit 10, Foundry Business Park, Ordsall Lane, Salford"|"MANCHESTER"|"XX"|"M5 3AN"|"United Kingdom"|""|""|"555-555-5555"|""|""|""|""|""|""|""|""|""|""|""|""|""|""|""|""|""|""
"7019"|""|"Sheikh Rashid Bin Saeed  Street, Al Dhait, Shop No 2"|"RAS AL KHAIMAH"|"XX"|""|"United Arab Emirates"|""|""|"555-555-5555"|""|""|""|""|""|""|""|""|""|""|""|""|""|""|""|""|""|""
"7020"|""|"Acton Park - Industrial Estate, 88 Stanley Gardens"|"LONDON"|"XX"|"W3 7QE"|"United Kingdom"|""|""|"555-555-5555"|""|""|""|""|""|""|""|""|""|""|""|""|""|""|""|""|""|""
"7021"|""|"Central Plaza 2, Al Jurf, Mid Sector"|"AJMAN"|"XX"|""|"United Arab Emirates"|""|""|"555-555-5555"|""|""|""|""|""|""|""|""|""|""|""|""|""|""|""|""|""|""
"7022"|""|"Everplate Sentra Kramat, Gedung Sentra Kramat, JL. Kramat Raya No. 7-9"|"JAKARTA"|"XX"|"10450"|"Indonesia"|"106.842942? E"|"6.179203? S"|"555-555-5555"|""|""|""|""|""|""|""|""|""|""|""|""|""|""|""|""|""|""
"7023"|""|"145 Ormside Street, South Bermondsey"|"LONDON"|"XX"|"SE15 1TF"|"United Kingdom"|""|""|"555-555-5555"|""|""|""|""|""|""|""|""|""|""|""|""|""|""|""|""|""|""
"7024"|""|"Calle del Vizconde de Matamala, 5"|"MADRID"|"XX"|""|"Spain"|""|""|"555-555-5555"|""|""|""|""|""|""|""|""|""|""|""|""|""|""|""|""|""|""
"7025"|""|"P.? De Los Melanc?licos, 5"|"MADRID"|"XX"|"28005"|"Spain"|""|""|"555-555-5555"|""|""|""|""|""|""|""|""|""|""|""|""|""|""|""|""|""|""
"7026"|""|"Las Tablas Avenida de Manoteras, 224"|"MADRID"|"XX"|"28050"|"Spain"|""|""|"555-555-5555"|""|""|""|""|""|""|""|""|""|""|""|""|""|""|""|""|""|""
"7027"|""|"1121 Castlefield Avenue"|"YORK"|"XX"|"M6B 1E8"|"Canada"|""|""|"555-555-5555"|""|""|""|""|""|""|""|""|""|""|""|""|""|""|""|""|""|""
"7028"|""|"Kitchen 7 - Editions Bristol, Unit 1, Glenfrome House"|"BRISTOL"|"XX"|"BS5 6XX"|"United Kingdom"|""|""|"555-555-5555"|""|""|""|""|""|""|""|""|""|""|""|""|""|""|""|""|""|""
"7029"|""|"Kitchen 6 Editions Leeds, Unit 1 Scott Hall Mills, Scotthal Street LS7 2HR"|"LEEDS"|"XX"|"LS7 2HR"|"United Kingdom"|""|""|"555-555-5555"|""|""|""|""|""|""|""|""|""|""|""|""|""|""|""|""|""|""
"7030"|""|"50 Bukit Batok Street 23 Kitchen 4 #01-14 Midview
Building Singapore 659578"|"PUNGGOL"|"XX"|"659578"|"Singapore"|"103.76066070479988? E"|"1.3399854204884987? N"|"555-555-5555"|""|""|""|""|""|""|""|""|""|""|""|""|""|""|""|""|""|""
"7031"|""|"Phoenix Park, Apsley Way, Unit 2"|"LONDON"|"XX"|""|"United Kingdom"|""|""|"555-555-5555"|""|""|""|""|""|""|""|""|""|""|""|""|""|""|""|""|""|""
"7032"|""|"Unit 3&4, Galaxy, Crescent Court Business Centre"|"CANNING TOWN"|"XX"|"E16 4TG"|"United Kingdom"|""|""|"555-555-5555"|""|""|""|""|""|""|""|""|""|""|""|""|""|""|""|""|""|""
